File,Action,Timestamp,Notes
artifacts/studies/experiments/aifs-experiment-case-study.md,Leading slashes removed,2025-08-01T23:18:00Z,43 links fixed
artifacts/guides/dao-primitives-framework/dao-primitives-framework.md,Leading slashes removed,2025-08-01T23:18:00Z,38 links fixed
artifacts/studies/experiments/equality-fund-experiment-case-study.md,Leading slashes removed,2025-08-01T23:18:00Z,22 links fixed
artifacts/patterns/knowledge-gardens.md,Leading slashes removed,2025-08-01T23:18:00Z,17 links fixed
artifacts/patterns/operational-governance.md,Leading slashes removed,2025-08-01T23:18:00Z,15 links fixed
artifacts/articles/network-evolution/Building DAOs as scalable networks.md,Leading slashes removed,2025-08-01T23:18:00Z,14 links fixed
artifacts/studies/experiments/ics-experiment-case-study.md,Leading slashes removed,2025-08-01T23:18:00Z,13 links fixed
artifacts/articles/network-evolution/DAOs aren't things... they are flows..md,Leading slashes removed,2025-08-01T23:18:00Z,13 links fixed
artifacts/guides/dao-primitives-framework/readme.md,Leading slashes removed,2025-08-01T23:18:00Z,11 links fixed
artifacts/articles/network-evolution/network-evolution.md,Leading slashes removed,2025-08-01T23:18:00Z,10 links fixed
artifacts/articles/network-evolution/Scale and the levers that provide DAOs their power.md,Leading slashes removed,2025-08-01T23:18:00Z,10 links fixed
artifacts/articles/governance-for-better-futures/Governance for better futures - Meta-governance.md,Leading slashes removed,2025-08-01T23:18:00Z,10 links fixed
artifacts/patterns/community-governance.md,Leading slashes removed,2025-08-01T23:18:00Z,9 links fixed
artifacts/articles/Reimagining Power - How Web3 Can Transform Impact.md,Leading slashes removed,2025-08-01T23:18:00Z,9 links fixed
artifacts/patterns/progressive-web3-adoption.md,Leading slashes removed,2025-08-01T23:18:00Z,8 links fixed
artifacts/patterns/poetic-harvesting.md,Leading slashes removed,2025-08-01T23:18:00Z,8 links fixed
artifacts/articles/governance-for-better-futures/Governance for better futures - New and Old.md,Leading slashes removed,2025-08-01T23:18:00Z,8 links fixed
artifacts/articles/governance-for-better-futures/Governance for better futures - DAO 2 DAO Co-operation.md,Leading slashes removed,2025-08-01T23:18:00Z,8 links fixed
artifacts/articles/network-evolution/Minimum Viable Permissionless-ness.md,Leading slashes removed,2025-08-01T23:18:00Z,7 links fixed
artifacts/articles/network-evolution/DAOs - From fractal primitives to network scale..md,Leading slashes removed,2025-08-01T23:18:00Z,5 links fixed
artifacts/articles/governance-for-better-futures/governance-for-better-futures.md,Leading slashes removed,2025-08-01T23:18:00Z,5 links fixed
artifacts/articles/governance-for-better-futures/Exploring governance for better futures.md,Leading slashes removed,2025-08-01T23:18:00Z,5 links fixed
artifacts/guides/poetic-harvesting-guide.md,Leading slashes removed,2025-08-01T23:18:00Z,4 links fixed
artifacts/patterns/gatherings.md,Leading slashes removed,2025-08-01T23:18:00Z,2 links fixed
artifacts/patterns/fiscal-bridge-pattern.md,Leading slashes removed,2025-08-01T23:18:00Z,2 links fixed
notes/rpp/rpp-experiments/equality-fund/equality-fund.md,Leading slashes removed,2025-08-01T23:18:00Z,5 links fixed
notes/rpp/rpp-experiments/the-ics/the-ics.md,Leading slashes removed,2025-08-01T23:18:00Z,4 links fixed
links/readme.md,Leading slashes removed,2025-08-01T23:18:00Z,2 links fixed
