"File","Original Link","Fixed Link","Encoded URL","Decoded URL","Timestamp"
"tags/agents.md","[DAOs aren't things... they are flows](artifacts/articles/network-evolution%201/DAOs%20aren't%20things...%20they%20are%20flows..md)","[DAOs aren't things... they are flows](artifacts/articles/network-evolution 1/DAOs aren't things... they are flows..md)","artifacts/articles/network-evolution%201/DAOs%20aren't%20things...%20they%20are%20flows..md","artifacts/articles/network-evolution 1/DAOs aren't things... they are flows..md","20250802-231525"
"tags/agents.md","[Building DAOs as scalable networks](artifacts/articles/network-evolution%201/Building%20DAOs%20as%20scalable%20networks.md)","[Building DAOs as scalable networks](artifacts/articles/network-evolution 1/Building DAOs as scalable networks.md)","artifacts/articles/network-evolution%201/Building%20DAOs%20as%20scalable%20networks.md","artifacts/articles/network-evolution 1/Building DAOs as scalable networks.md","20250802-231525"
"tags/actions.md","[Minimum Viable Permissionless-ness](artifacts/articles/network-evolution%201/Minimum%20Viable%20Permissionless-ness.md)","[Minimum Viable Permissionless-ness](artifacts/articles/network-evolution 1/Minimum Viable Permissionless-ness.md)","artifacts/articles/network-evolution%201/Minimum%20Viable%20Permissionless-ness.md","artifacts/articles/network-evolution 1/Minimum Viable Permissionless-ness.md","20250802-231525"
"tags/actions.md","[Reimagining Power](Reimagining%20Power%20-%20How%20Web3%20Can%20Transform%20Impact.md)","[Reimagining Power](Reimagining Power - How Web3 Can Transform Impact.md)","Reimagining%20Power%20-%20How%20Web3%20Can%20Transform%20Impact.md","Reimagining Power - How Web3 Can Transform Impact.md","20250802-231525"
"tags/scale.md","[Scale and the levers that provide DAOs their power](artifacts/articles/network-evolution%201/Scale%20and%20the%20levers%20that%20provide%20DAOs%20their%20power.md)","[Scale and the levers that provide DAOs their power](artifacts/articles/network-evolution 1/Scale and the levers that provide DAOs their power.md)","artifacts/articles/network-evolution%201/Scale%20and%20the%20levers%20that%20provide%20DAOs%20their%20power.md","artifacts/articles/network-evolution 1/Scale and the levers that provide DAOs their power.md","20250802-231525"
"tags/scale.md","[Scale and the levers that provide DAOs their power](artifacts/articles/network-evolution%201/Scale%20and%20the%20levers%20that%20provide%20DAOs%20their%20power.md)","[Scale and the levers that provide DAOs their power](artifacts/articles/network-evolution 1/Scale and the levers that provide DAOs their power.md)","artifacts/articles/network-evolution%201/Scale%20and%20the%20levers%20that%20provide%20DAOs%20their%20power.md","artifacts/articles/network-evolution 1/Scale and the levers that provide DAOs their power.md","20250802-231525"
"tags/scale.md","[Building DAOs as scalable networks](artifacts/articles/network-evolution%201/Building%20DAOs%20as%20scalable%20networks.md)","[Building DAOs as scalable networks](artifacts/articles/network-evolution 1/Building DAOs as scalable networks.md)","artifacts/articles/network-evolution%201/Building%20DAOs%20as%20scalable%20networks.md","artifacts/articles/network-evolution 1/Building DAOs as scalable networks.md","20250802-231525"
"tags/protocols.md","[Minimum Viable Permissionless-ness](artifacts/articles/network-evolution%201/Minimum%20Viable%20Permissionless-ness.md)","[Minimum Viable Permissionless-ness](artifacts/articles/network-evolution 1/Minimum Viable Permissionless-ness.md)","artifacts/articles/network-evolution%201/Minimum%20Viable%20Permissionless-ness.md","artifacts/articles/network-evolution 1/Minimum Viable Permissionless-ness.md","20250802-231525"
"tags/goals.md","[Building DAOs as scalable networks](artifacts/articles/network-evolution%201/Building%20DAOs%20as%20scalable%20networks.md)","[Building DAOs as scalable networks](artifacts/articles/network-evolution 1/Building DAOs as scalable networks.md)","artifacts/articles/network-evolution%201/Building%20DAOs%20as%20scalable%20networks.md","artifacts/articles/network-evolution 1/Building DAOs as scalable networks.md","20250802-231525"
"tags/goals.md","[Scale and the levers that provide DAOs their power](artifacts/articles/network-evolution%201/Scale%20and%20the%20levers%20that%20provide%20DAOs%20their%20power.md)","[Scale and the levers that provide DAOs their power](artifacts/articles/network-evolution 1/Scale and the levers that provide DAOs their power.md)","artifacts/articles/network-evolution%201/Scale%20and%20the%20levers%20that%20provide%20DAOs%20their%20power.md","artifacts/articles/network-evolution 1/Scale and the levers that provide DAOs their power.md","20250802-231525"
"tags/frameworks.md","[Modular Politics](drafts/trash/Modular%20Politics.md)","[Modular Politics](drafts/trash/Modular Politics.md)","drafts/trash/Modular%20Politics.md","drafts/trash/Modular Politics.md","20250802-231525"
"tags/frameworks.md","[The Blockchain Governance Toolkit](notes/links/to-review/The%20Blockchain%20Governance%20Toolkit.md)","[The Blockchain Governance Toolkit](notes/links/to-review/The Blockchain Governance Toolkit.md)","notes/links/to-review/The%20Blockchain%20Governance%20Toolkit.md","notes/links/to-review/The Blockchain Governance Toolkit.md","20250802-231525"
"tags/culture.md","[Governance for better futures - DAO 2 DAO Co-operation](artifacts/articles/governance-for-better-futures%201/Governance%20for%20better%20futures%20-%20DAO%202%20DAO%20Co-operation.md)","[Governance for better futures - DAO 2 DAO Co-operation](artifacts/articles/governance-for-better-futures 1/Governance for better futures - DAO 2 DAO Co-operation.md)","artifacts/articles/governance-for-better-futures%201/Governance%20for%20better%20futures%20-%20DAO%202%20DAO%20Co-operation.md","artifacts/articles/governance-for-better-futures 1/Governance for better futures - DAO 2 DAO Co-operation.md","20250802-231525"
"tags/culture.md","[artifacts/articles/network-evolution 1/Minimum Viable Permissionless-ness](artifacts/articles/network-evolution%201/Minimum%20Viable%20Permissionless-ness)","[artifacts/articles/network-evolution 1/Minimum Viable Permissionless-ness](artifacts/articles/network-evolution 1/Minimum Viable Permissionless-ness)","artifacts/articles/network-evolution%201/Minimum%20Viable%20Permissionless-ness","artifacts/articles/network-evolution 1/Minimum Viable Permissionless-ness","20250802-231525"
"tags/culture.md","[Building DAOs as scalable networks](artifacts/articles/network-evolution%201/Building%20DAOs%20as%20scalable%20networks.md)","[Building DAOs as scalable networks](artifacts/articles/network-evolution 1/Building DAOs as scalable networks.md)","artifacts/articles/network-evolution%201/Building%20DAOs%20as%20scalable%20networks.md","artifacts/articles/network-evolution 1/Building DAOs as scalable networks.md","20250802-231525"
"tags/culture.md","[Governance for better futures - DAO 2 DAO Co-operation](artifacts/articles/governance-for-better-futures%201/Governance%20for%20better%20futures%20-%20DAO%202%20DAO%20Co-operation.md)","[Governance for better futures - DAO 2 DAO Co-operation](artifacts/articles/governance-for-better-futures 1/Governance for better futures - DAO 2 DAO Co-operation.md)","artifacts/articles/governance-for-better-futures%201/Governance%20for%20better%20futures%20-%20DAO%202%20DAO%20Co-operation.md","artifacts/articles/governance-for-better-futures 1/Governance for better futures - DAO 2 DAO Co-operation.md","20250802-231525"
"tags/coordination.md","[Scale and the levers that provide DAOs their power](artifacts/articles/network-evolution%201/Scale%20and%20the%20levers%20that%20provide%20DAOs%20their%20power.md)","[Scale and the levers that provide DAOs their power](artifacts/articles/network-evolution 1/Scale and the levers that provide DAOs their power.md)","artifacts/articles/network-evolution%201/Scale%20and%20the%20levers%20that%20provide%20DAOs%20their%20power.md","artifacts/articles/network-evolution 1/Scale and the levers that provide DAOs their power.md","20250802-231525"
"tags/coordination.md","[DAOs - From fractal primitives to network scale.](artifacts/articles/network-evolution%201/DAOs%20-%20From%20fractal%20primitives%20to%20network%20scale..md)","[DAOs - From fractal primitives to network scale.](artifacts/articles/network-evolution 1/DAOs - From fractal primitives to network scale..md)","artifacts/articles/network-evolution%201/DAOs%20-%20From%20fractal%20primitives%20to%20network%20scale..md","artifacts/articles/network-evolution 1/DAOs - From fractal primitives to network scale..md","20250802-231525"
"tags/coordination.md","[Governance for better futures - Meta-governance](artifacts/articles/governance-for-better-futures%201/Governance%20for%20better%20futures%20-%20Meta-governance.md)","[Governance for better futures - Meta-governance](artifacts/articles/governance-for-better-futures 1/Governance for better futures - Meta-governance.md)","artifacts/articles/governance-for-better-futures%201/Governance%20for%20better%20futures%20-%20Meta-governance.md","artifacts/articles/governance-for-better-futures 1/Governance for better futures - Meta-governance.md","20250802-231525"
"tags/coordination.md","[Building DAOs as scalable networks](artifacts/articles/network-evolution%201/Building%20DAOs%20as%20scalable%20networks.md)","[Building DAOs as scalable networks](artifacts/articles/network-evolution 1/Building DAOs as scalable networks.md)","artifacts/articles/network-evolution%201/Building%20DAOs%20as%20scalable%20networks.md","artifacts/articles/network-evolution 1/Building DAOs as scalable networks.md","20250802-231525"
"tags/coordination.md","[Minimum Viable Permissionless-ness](artifacts/articles/network-evolution%201/Minimum%20Viable%20Permissionless-ness.md)","[Minimum Viable Permissionless-ness](artifacts/articles/network-evolution 1/Minimum Viable Permissionless-ness.md)","artifacts/articles/network-evolution%201/Minimum%20Viable%20Permissionless-ness.md","artifacts/articles/network-evolution 1/Minimum Viable Permissionless-ness.md","20250802-231525"
"tags/coordination.md","[Scale and the levers that provide DAOs their power](artifacts/articles/network-evolution%201/Scale%20and%20the%20levers%20that%20provide%20DAOs%20their%20power.md)","[Scale and the levers that provide DAOs their power](artifacts/articles/network-evolution 1/Scale and the levers that provide DAOs their power.md)","artifacts/articles/network-evolution%201/Scale%20and%20the%20levers%20that%20provide%20DAOs%20their%20power.md","artifacts/articles/network-evolution 1/Scale and the levers that provide DAOs their power.md","20250802-231525"
"tags/community.md","[DAO to DAO cooperation](artifacts/articles/governance-for-better-futures%201/Governance%20for%20better%20futures%20-%20DAO%202%20DAO%20Co-operation.md)","[DAO to DAO cooperation](artifacts/articles/governance-for-better-futures 1/Governance for better futures - DAO 2 DAO Co-operation.md)","artifacts/articles/governance-for-better-futures%201/Governance%20for%20better%20futures%20-%20DAO%202%20DAO%20Co-operation.md","artifacts/articles/governance-for-better-futures 1/Governance for better futures - DAO 2 DAO Co-operation.md","20250802-231525"
"tags/community.md","[Reimagining Power](Reimagining%20Power%20-%20How%20Web3%20Can%20Transform%20Impact.md)","[Reimagining Power](Reimagining Power - How Web3 Can Transform Impact.md)","Reimagining%20Power%20-%20How%20Web3%20Can%20Transform%20Impact.md","Reimagining Power - How Web3 Can Transform Impact.md","20250802-231525"
"tags/community.md","[Building DAOs as scalable networks](artifacts/articles/network-evolution%201/Building%20DAOs%20as%20scalable%20networks.md)","[Building DAOs as scalable networks](artifacts/articles/network-evolution 1/Building DAOs as scalable networks.md)","artifacts/articles/network-evolution%201/Building%20DAOs%20as%20scalable%20networks.md","artifacts/articles/network-evolution 1/Building DAOs as scalable networks.md","20250802-231525"
"tags/treasury.md","[notes/links/to-review/A Pocket Guide to DAO Frameworks](notes/links/to-review/A%20Pocket%20Guide%20to%20DAO%20Frameworks)","[notes/links/to-review/A Pocket Guide to DAO Frameworks](notes/links/to-review/A Pocket Guide to DAO Frameworks)","notes/links/to-review/A%20Pocket%20Guide%20to%20DAO%20Frameworks","notes/links/to-review/A Pocket Guide to DAO Frameworks","20250802-231525"
"tags/treasury.md","[artifacts/articles/network-evolution 1/Building DAOs as scalable networks](artifacts/articles/network-evolution%201/Building%20DAOs%20as%20scalable%20networks)","[artifacts/articles/network-evolution 1/Building DAOs as scalable networks](artifacts/articles/network-evolution 1/Building DAOs as scalable networks)","artifacts/articles/network-evolution%201/Building%20DAOs%20as%20scalable%20networks","artifacts/articles/network-evolution 1/Building DAOs as scalable networks","20250802-231525"
"tags/treasury.md","[A Pocket Guide to DAO Frameworks](drafts/trash/A%20Pocket%20Guide%20to%20DAO%20Frameworks.md)","[A Pocket Guide to DAO Frameworks](drafts/trash/A Pocket Guide to DAO Frameworks.md)","drafts/trash/A%20Pocket%20Guide%20to%20DAO%20Frameworks.md","drafts/trash/A Pocket Guide to DAO Frameworks.md","20250802-231525"
"tags/treasury.md","[notes/links/to-review/A Pocket Guide to DAO Frameworks](notes/links/to-review/A%20Pocket%20Guide%20to%20DAO%20Frameworks)","[notes/links/to-review/A Pocket Guide to DAO Frameworks](notes/links/to-review/A Pocket Guide to DAO Frameworks)","notes/links/to-review/A%20Pocket%20Guide%20to%20DAO%20Frameworks","notes/links/to-review/A Pocket Guide to DAO Frameworks","20250802-231525"
"tags/governance.md","[Constituency Scale](tags/groups/scale/Constituency%20Scale.md)","[Constituency Scale](tags/groups/scale/Constituency Scale.md)","tags/groups/scale/Constituency%20Scale.md","tags/groups/scale/Constituency Scale.md","20250802-231525"
"tags/governance.md","[Coordination Scale](tags/groups/scale/Coordination%20Scale.md)","[Coordination Scale](tags/groups/scale/Coordination Scale.md)","tags/groups/scale/Coordination%20Scale.md","tags/groups/scale/Coordination Scale.md","20250802-231525"
"tags/governance.md","[Governance for better futures - DAO 2 DAO Co-operation](artifacts/articles/governance-for-better-futures%201/Governance%20for%20better%20futures%20-%20DAO%202%20DAO%20Co-operation.md)","[Governance for better futures - DAO 2 DAO Co-operation](artifacts/articles/governance-for-better-futures 1/Governance for better futures - DAO 2 DAO Co-operation.md)","artifacts/articles/governance-for-better-futures%201/Governance%20for%20better%20futures%20-%20DAO%202%20DAO%20Co-operation.md","artifacts/articles/governance-for-better-futures 1/Governance for better futures - DAO 2 DAO Co-operation.md","20250802-231525"
"tags/governance.md","[Governance for better futures - Meta-governance](artifacts/articles/governance-for-better-futures%201/Governance%20for%20better%20futures%20-%20Meta-governance.md)","[Governance for better futures - Meta-governance](artifacts/articles/governance-for-better-futures 1/Governance for better futures - Meta-governance.md)","artifacts/articles/governance-for-better-futures%201/Governance%20for%20better%20futures%20-%20Meta-governance.md","artifacts/articles/governance-for-better-futures 1/Governance for better futures - Meta-governance.md","20250802-231525"
"tags/governance.md","[Governance for better futures - New and Old](artifacts/articles/governance-for-better-futures%201/Governance%20for%20better%20futures%20-%20New%20and%20Old.md)","[Governance for better futures - New and Old](artifacts/articles/governance-for-better-futures 1/Governance for better futures - New and Old.md)","artifacts/articles/governance-for-better-futures%201/Governance%20for%20better%20futures%20-%20New%20and%20Old.md","artifacts/articles/governance-for-better-futures 1/Governance for better futures - New and Old.md","20250802-231525"
"tags/governance.md","[DAOs aren't things... they are flows.](artifacts/articles/network-evolution%201/DAOs%20aren't%20things...%20they%20are%20flows..md)","[DAOs aren't things... they are flows.](artifacts/articles/network-evolution 1/DAOs aren't things... they are flows..md)","artifacts/articles/network-evolution%201/DAOs%20aren't%20things...%20they%20are%20flows..md","artifacts/articles/network-evolution 1/DAOs aren't things... they are flows..md","20250802-231525"
"tags/governance.md","[Scale and the levers that provide DAOs their power](artifacts/articles/network-evolution%201/Scale%20and%20the%20levers%20that%20provide%20DAOs%20their%20power.md)","[Scale and the levers that provide DAOs their power](artifacts/articles/network-evolution 1/Scale and the levers that provide DAOs their power.md)","artifacts/articles/network-evolution%201/Scale%20and%20the%20levers%20that%20provide%20DAOs%20their%20power.md","artifacts/articles/network-evolution 1/Scale and the levers that provide DAOs their power.md","20250802-231525"
"tags/governance.md","[DAOs - From fractal primitives to network scale.](artifacts/articles/network-evolution%201/DAOs%20-%20From%20fractal%20primitives%20to%20network%20scale..md)","[DAOs - From fractal primitives to network scale.](artifacts/articles/network-evolution 1/DAOs - From fractal primitives to network scale..md)","artifacts/articles/network-evolution%201/DAOs%20-%20From%20fractal%20primitives%20to%20network%20scale..md","artifacts/articles/network-evolution 1/DAOs - From fractal primitives to network scale..md","20250802-231525"
"tags/governance.md","[Minimum Viable Permissionless-ness](artifacts/articles/network-evolution%201/Minimum%20Viable%20Permissionless-ness.md)","[Minimum Viable Permissionless-ness](artifacts/articles/network-evolution 1/Minimum Viable Permissionless-ness.md)","artifacts/articles/network-evolution%201/Minimum%20Viable%20Permissionless-ness.md","artifacts/articles/network-evolution 1/Minimum Viable Permissionless-ness.md","20250802-231525"
"tags/governance.md","[Building DAOs as scalable networks](artifacts/articles/network-evolution%201/Building%20DAOs%20as%20scalable%20networks.md)","[Building DAOs as scalable networks](artifacts/articles/network-evolution 1/Building DAOs as scalable networks.md)","artifacts/articles/network-evolution%201/Building%20DAOs%20as%20scalable%20networks.md","artifacts/articles/network-evolution 1/Building DAOs as scalable networks.md","20250802-231525"
"tags/governance.md","[The Blockchain Governance Toolkit](notes/links/to-review/The%20Blockchain%20Governance%20Toolkit.md)","[The Blockchain Governance Toolkit](notes/links/to-review/The Blockchain Governance Toolkit.md)","notes/links/to-review/The%20Blockchain%20Governance%20Toolkit.md","notes/links/to-review/The Blockchain Governance Toolkit.md","20250802-231525"
"tags/grants.md","[notes/links/to-review/A Pocket Guide to DAO Frameworks](notes/links/to-review/A%20Pocket%20Guide%20to%20DAO%20Frameworks)","[notes/links/to-review/A Pocket Guide to DAO Frameworks](notes/links/to-review/A Pocket Guide to DAO Frameworks)","notes/links/to-review/A%20Pocket%20Guide%20to%20DAO%20Frameworks","notes/links/to-review/A Pocket Guide to DAO Frameworks","20250802-231525"
"tags/grants.md","[artifacts/articles/network-evolution 1/Building DAOs as scalable networks](artifacts/articles/network-evolution%201/Building%20DAOs%20as%20scalable%20networks)","[artifacts/articles/network-evolution 1/Building DAOs as scalable networks](artifacts/articles/network-evolution 1/Building DAOs as scalable networks)","artifacts/articles/network-evolution%201/Building%20DAOs%20as%20scalable%20networks","artifacts/articles/network-evolution 1/Building DAOs as scalable networks","20250802-231525"
"tags/transparency.md","[Building DAOs as scalable networks](artifacts/Building%20DAOs%20as%20scalable%20networks.md)","[Building DAOs as scalable networks](artifacts/Building DAOs as scalable networks.md)","artifacts/Building%20DAOs%20as%20scalable%20networks.md","artifacts/Building DAOs as scalable networks.md","20250802-231525"
"tags/transparency.md","[Minimum Viable Permissionless-ness](artifacts/Minimum%20Viable%20Permissionless-ness.md)","[Minimum Viable Permissionless-ness](artifacts/Minimum Viable Permissionless-ness.md)","artifacts/Minimum%20Viable%20Permissionless-ness.md","artifacts/Minimum Viable Permissionless-ness.md","20250802-231525"
"tags/transparency.md","[Building DAOs as scalable networks](artifacts/Building%20DAOs%20as%20scalable%20networks.md)","[Building DAOs as scalable networks](artifacts/Building DAOs as scalable networks.md)","artifacts/Building%20DAOs%20as%20scalable%20networks.md","artifacts/Building DAOs as scalable networks.md","20250802-231525"
"tags/transparency.md","[Minimum Viable Permissionless-ness](artifacts/Minimum%20Viable%20Permissionless-ness.md)","[Minimum Viable Permissionless-ness](artifacts/Minimum Viable Permissionless-ness.md)","artifacts/Minimum%20Viable%20Permissionless-ness.md","artifacts/Minimum Viable Permissionless-ness.md","20250802-231525"
"tags/transparency.md","[Scale and the levers that provide DAOs their power](artifacts/Scale%20and%20the%20levers%20that%20provide%20DAOs%20their%20power.md)","[Scale and the levers that provide DAOs their power](artifacts/Scale and the levers that provide DAOs their power.md)","artifacts/Scale%20and%20the%20levers%20that%20provide%20DAOs%20their%20power.md","artifacts/Scale and the levers that provide DAOs their power.md","20250802-231525"
"tags/vision.md","[DAOs - From fractal primitives to network scale.](artifacts/articles/network-evolution%201/DAOs%20-%20From%20fractal%20primitives%20to%20network%20scale..md)","[DAOs - From fractal primitives to network scale.](artifacts/articles/network-evolution 1/DAOs - From fractal primitives to network scale..md)","artifacts/articles/network-evolution%201/DAOs%20-%20From%20fractal%20primitives%20to%20network%20scale..md","artifacts/articles/network-evolution 1/DAOs - From fractal primitives to network scale..md","20250802-231525"
"tags/values.md","[Building DAOs as scalable networks](artifacts/articles/network-evolution%201/Building%20DAOs%20as%20scalable%20networks.md)","[Building DAOs as scalable networks](artifacts/articles/network-evolution 1/Building DAOs as scalable networks.md)","artifacts/articles/network-evolution%201/Building%20DAOs%20as%20scalable%20networks.md","artifacts/articles/network-evolution 1/Building DAOs as scalable networks.md","20250802-231525"
"tags/responsibilities.md","[Building DAOs as scalable networks](artifacts/articles/network-evolution%201/Building%20DAOs%20as%20scalable%20networks.md)","[Building DAOs as scalable networks](artifacts/articles/network-evolution 1/Building DAOs as scalable networks.md)","artifacts/articles/network-evolution%201/Building%20DAOs%20as%20scalable%20networks.md","artifacts/articles/network-evolution 1/Building DAOs as scalable networks.md","20250802-231525"
"tags/systems.md","[DAOs - From fractal primitives to network scale.](artifacts/articles/network-evolution%201/DAOs%20-%20From%20fractal%20primitives%20to%20network%20scale..md)","[DAOs - From fractal primitives to network scale.](artifacts/articles/network-evolution 1/DAOs - From fractal primitives to network scale..md)","artifacts/articles/network-evolution%201/DAOs%20-%20From%20fractal%20primitives%20to%20network%20scale..md","artifacts/articles/network-evolution 1/DAOs - From fractal primitives to network scale..md","20250802-231525"
"tags/systems.md","[Scale and the levers that provide DAOs their power](artifacts/articles/network-evolution%201/Scale%20and%20the%20levers%20that%20provide%20DAOs%20their%20power.md)","[Scale and the levers that provide DAOs their power](artifacts/articles/network-evolution 1/Scale and the levers that provide DAOs their power.md)","artifacts/articles/network-evolution%201/Scale%20and%20the%20levers%20that%20provide%20DAOs%20their%20power.md","artifacts/articles/network-evolution 1/Scale and the levers that provide DAOs their power.md","20250802-231525"
"tags/systems.md","[Governance for better futures - Meta-governance](artifacts/articles/governance-for-better-futures%201/Governance%20for%20better%20futures%20-%20Meta-governance.md)","[Governance for better futures - Meta-governance](artifacts/articles/governance-for-better-futures 1/Governance for better futures - Meta-governance.md)","artifacts/articles/governance-for-better-futures%201/Governance%20for%20better%20futures%20-%20Meta-governance.md","artifacts/articles/governance-for-better-futures 1/Governance for better futures - Meta-governance.md","20250802-231525"
"tags/sustainability.md","[Scale and the levers that provide DAOs their power](artifacts/articles/network-evolution%201/Scale%20and%20the%20levers%20that%20provide%20DAOs%20their%20power.md)","[Scale and the levers that provide DAOs their power](artifacts/articles/network-evolution 1/Scale and the levers that provide DAOs their power.md)","artifacts/articles/network-evolution%201/Scale%20and%20the%20levers%20that%20provide%20DAOs%20their%20power.md","artifacts/articles/network-evolution 1/Scale and the levers that provide DAOs their power.md","20250802-231525"
"tags/sustainability.md","[Building DAOs as scalable networks](artifacts/articles/network-evolution%201/Building%20DAOs%20as%20scalable%20networks.md)","[Building DAOs as scalable networks](artifacts/articles/network-evolution 1/Building DAOs as scalable networks.md)","artifacts/articles/network-evolution%201/Building%20DAOs%20as%20scalable%20networks.md","artifacts/articles/network-evolution 1/Building DAOs as scalable networks.md","20250802-231525"
"tags/sustainability.md","[Scale and the levers that provide DAOs their power](artifacts/articles/network-evolution%201/Scale%20and%20the%20levers%20that%20provide%20DAOs%20their%20power.md)","[Scale and the levers that provide DAOs their power](artifacts/articles/network-evolution 1/Scale and the levers that provide DAOs their power.md)","artifacts/articles/network-evolution%201/Scale%20and%20the%20levers%20that%20provide%20DAOs%20their%20power.md","artifacts/articles/network-evolution 1/Scale and the levers that provide DAOs their power.md","20250802-231525"
"tags/sustainability.md","[Governance for better futures - New and Old](artifacts/articles/governance-for-better-futures%201/Governance%20for%20better%20futures%20-%20New%20and%20Old.md)","[Governance for better futures - New and Old](artifacts/articles/governance-for-better-futures 1/Governance for better futures - New and Old.md)","artifacts/articles/governance-for-better-futures%201/Governance%20for%20better%20futures%20-%20New%20and%20Old.md","artifacts/articles/governance-for-better-futures 1/Governance for better futures - New and Old.md","20250802-231525"
"tags/platforms.md","[Building DAOs as scalable networks](artifacts/articles/network-evolution%201/Building%20DAOs%20as%20scalable%20networks.md)","[Building DAOs as scalable networks](artifacts/articles/network-evolution 1/Building DAOs as scalable networks.md)","artifacts/articles/network-evolution%201/Building%20DAOs%20as%20scalable%20networks.md","artifacts/articles/network-evolution 1/Building DAOs as scalable networks.md","20250802-231525"
"tags/daos.md","[DAOs aren't things... they are flows](artifacts/articles/network-evolution%201/DAOs%20aren't%20things...%20they%20are%20flows..md)","[DAOs aren't things... they are flows](artifacts/articles/network-evolution 1/DAOs aren't things... they are flows..md)","artifacts/articles/network-evolution%201/DAOs%20aren't%20things...%20they%20are%20flows..md","artifacts/articles/network-evolution 1/DAOs aren't things... they are flows..md","20250802-231525"
"tags/daos.md","[Scale and the levers that provide DAOs their power](artifacts/articles/network-evolution%201/Scale%20and%20the%20levers%20that%20provide%20DAOs%20their%20power.md)","[Scale and the levers that provide DAOs their power](artifacts/articles/network-evolution 1/Scale and the levers that provide DAOs their power.md)","artifacts/articles/network-evolution%201/Scale%20and%20the%20levers%20that%20provide%20DAOs%20their%20power.md","artifacts/articles/network-evolution 1/Scale and the levers that provide DAOs their power.md","20250802-231525"
"notes/cxi/Docs/2022-05-20 - Twitter Style Guide.md","[233 [BOUNTY](233%20[BOUNTY)","[233 [BOUNTY](233 [BOUNTY)","233%20[BOUNTY","233 [BOUNTY","20250802-231525"
"notes/cxi/Docs/2022-05-09 - May 9, 2022.md","[governance conversations](notes/archive/clarity/Tags/governance%20conversations.md)","[governance conversations](notes/archive/clarity/Tags/governance conversations.md)","notes/archive/clarity/Tags/governance%20conversations.md","notes/archive/clarity/Tags/governance conversations.md","20250802-231525"
"notes/cxi/Docs/2022-05-09 - May 9, 2022.md","[Twitter Guide](Twitter%20Guide)","[Twitter Guide](Twitter Guide)","Twitter%20Guide","Twitter Guide","20250802-231525"
"notes/cxi/Docs/2022-05-09 - May 9, 2022.md","[Decolonize web3](Decolonize%20web3)","[Decolonize web3](Decolonize web3)","Decolonize%20web3","Decolonize web3","20250802-231525"
"notes/cxi/Docs/2022-05-09 - May 9, 2022.md","[Contributor Guide](Contributor%20Guide)","[Contributor Guide](Contributor Guide)","Contributor%20Guide","Contributor Guide","20250802-231525"
"notes/cxi/Docs/2022-05-09 - May 9, 2022.md","[Social Impact Articles](Social%20Impact%20Articles)","[Social Impact Articles](Social Impact Articles)","Social%20Impact%20Articles","Social Impact Articles","20250802-231525"
"notes/cxi/Docs/2022-04-22 - Contributor Guide kickoff meeting.md","[superbenefit contributor guide - working draft](notes/archive/clarity/Tags/superbenefit%20contributor%20guide%20-%20working%20draft.md)","[superbenefit contributor guide - working draft](notes/archive/clarity/Tags/superbenefit contributor guide - working draft.md)","notes/archive/clarity/Tags/superbenefit%20contributor%20guide%20-%20working%20draft.md","notes/archive/clarity/Tags/superbenefit contributor guide - working draft.md","20250802-231525"
"notes/cxi/Docs/2022-04-22 - Contributor Guide kickoff meeting.md","[community experience squad](notes/archive/clarity/Tags/community%20experience%20squad.md)","[community experience squad](notes/archive/clarity/Tags/community experience squad.md)","notes/archive/clarity/Tags/community%20experience%20squad.md","notes/archive/clarity/Tags/community experience squad.md","20250802-231525"
"notes/cxi/Docs/2022-04-22 - Contributor Guide kickoff meeting.md","[209 Proposal for Contributor Guide](209%20Proposal%20for%20Contributor%20Guide)","[209 Proposal for Contributor Guide](209 Proposal for Contributor Guide)","209%20Proposal%20for%20Contributor%20Guide","209 Proposal for Contributor Guide","20250802-231525"
"notes/ics/ccc/docs/I-Fund/I.03-diagrams-and-visuals.md","[Pasted image 20250507140746 1](attachments/Pasted%20image%2020250507140746%201.png)","[Pasted image 20250507140746 1](attachments/Pasted image 20250507140746 1.png)","attachments/Pasted%20image%2020250507140746%201.png","attachments/Pasted image 20250507140746 1.png","20250802-231525"
"notes/ics/ccc/docs/I-Fund/I.03-diagrams-and-visuals.md","[Pasted image 20250507141003 1](attachments/Pasted%20image%2020250507141003%201.png)","[Pasted image 20250507141003 1](attachments/Pasted image 20250507141003 1.png)","attachments/Pasted%20image%2020250507141003%201.png","attachments/Pasted image 20250507141003 1.png","20250802-231525"
"notes/ics/ccc/docs/I-Fund/I.03-diagrams-and-visuals.md","[Pasted image 20250507140859 1](attachments/Pasted%20image%2020250507140859%201.png)","[Pasted image 20250507140859 1](attachments/Pasted image 20250507140859 1.png)","attachments/Pasted%20image%2020250507140859%201.png","attachments/Pasted image 20250507140859 1.png","20250802-231525"
"notes/ics/ccc/docs/I-Fund/I.03-diagrams-and-visuals.md","[Pasted image 20250507140913 1](attachments/Pasted%20image%2020250507140913%201.png)","[Pasted image 20250507140913 1](attachments/Pasted image 20250507140913 1.png)","attachments/Pasted%20image%2020250507140913%201.png","attachments/Pasted image 20250507140913 1.png","20250802-231525"
"notes/rpp/rpp-working-docs/rpp-working-docs.md","[RPP Knowledge Tasks board](notes/rpp/RPP%20Knowledge%20Tasks.md)","[RPP Knowledge Tasks board](notes/rpp/RPP Knowledge Tasks.md)","notes/rpp/RPP%20Knowledge%20Tasks.md","notes/rpp/RPP Knowledge Tasks.md","20250802-231525"
"notes/rpp/rpp-working-docs/privacy-payments.md","[2](attachments/Blockchain%20Humanitarian%20Opportunities.pdf)","[2](attachments/Blockchain Humanitarian Opportunities.pdf)","attachments/Blockchain%20Humanitarian%20Opportunities.pdf","attachments/Blockchain Humanitarian Opportunities.pdf","20250802-231525"
"notes/rpp/rpp-working-docs/privacy-payments.md","[Emergency Financing Tokens - Geoffrey Goodell ](attachments/Emergency%20Financing%20Tokens.pdf)","[Emergency Financing Tokens - Geoffrey Goodell ](attachments/Emergency Financing Tokens.pdf)","attachments/Emergency%20Financing%20Tokens.pdf","attachments/Emergency Financing Tokens.pdf","20250802-231525"
"notes/rpp/rpp-working-docs/privacy-payments.md","[Not Yet Another Digital ID: Privacy-Preserving Humanitarian Aid Distribution](attachments/Privacy%20Preserving%20Aid%20Distribution.pdf)","[Not Yet Another Digital ID: Privacy-Preserving Humanitarian Aid Distribution](attachments/Privacy Preserving Aid Distribution.pdf)","attachments/Privacy%20Preserving%20Aid%20Distribution.pdf","attachments/Privacy Preserving Aid Distribution.pdf","20250802-231525"
"notes/dao-primitives/dao-primitives.md","[DAOs aren't things... they are flows](artifacts/articles/network-evolution%201/DAOs%20aren't%20things...%20they%20are%20flows..md)","[DAOs aren't things... they are flows](artifacts/articles/network-evolution 1/DAOs aren't things... they are flows..md)","artifacts/articles/network-evolution%201/DAOs%20aren't%20things...%20they%20are%20flows..md","artifacts/articles/network-evolution 1/DAOs aren't things... they are flows..md","20250802-231525"
"notes/dao-primitives/dao-primitives.md","[Scale and the levers that provide DAOs their power](artifacts/articles/network-evolution%201/Scale%20and%20the%20levers%20that%20provide%20DAOs%20their%20power.md)","[Scale and the levers that provide DAOs their power](artifacts/articles/network-evolution 1/Scale and the levers that provide DAOs their power.md)","artifacts/articles/network-evolution%201/Scale%20and%20the%20levers%20that%20provide%20DAOs%20their%20power.md","artifacts/articles/network-evolution 1/Scale and the levers that provide DAOs their power.md","20250802-231525"
"notes/dao-primitives/dao-primitives.md","[DAOs - From fractal primitives to network scale](artifacts/articles/network-evolution%201/DAOs%20-%20From%20fractal%20primitives%20to%20network%20scale..md)","[DAOs - From fractal primitives to network scale](artifacts/articles/network-evolution 1/DAOs - From fractal primitives to network scale..md)","artifacts/articles/network-evolution%201/DAOs%20-%20From%20fractal%20primitives%20to%20network%20scale..md","artifacts/articles/network-evolution 1/DAOs - From fractal primitives to network scale..md","20250802-231525"
"notes/dao-primitives/dao-primitives.md","[Minimum Viable Permissionless-ness](artifacts/articles/network-evolution%201/Minimum%20Viable%20Permissionless-ness.md)","[Minimum Viable Permissionless-ness](artifacts/articles/network-evolution 1/Minimum Viable Permissionless-ness.md)","artifacts/articles/network-evolution%201/Minimum%20Viable%20Permissionless-ness.md","artifacts/articles/network-evolution 1/Minimum Viable Permissionless-ness.md","20250802-231525"
"notes/dao-primitives/dao-primitives.md","[Building DAOs as scalable networks](artifacts/articles/network-evolution%201/Building%20DAOs%20as%20scalable%20networks.md)","[Building DAOs as scalable networks](artifacts/articles/network-evolution 1/Building DAOs as scalable networks.md)","artifacts/articles/network-evolution%201/Building%20DAOs%20as%20scalable%20networks.md","artifacts/articles/network-evolution 1/Building DAOs as scalable networks.md","20250802-231525"
"notes/dao-primitives/implementation/guides/governance/implementation-guide-operational-governance.md","[](tags/governance.md#Community%20Governance|Community%20Governance)","[](tags/governance.md#Community Governance|Community Governance)","tags/governance.md#Community%20Governance|Community%20Governance","tags/governance.md#Community Governance|Community Governance","20250802-231525"
"notes/dao-primitives/implementation/guides/governance/implementation-guide-operational-governance.md","[](tags/governance.md#Operational%20Governance|Operational%20Governance)","[](tags/governance.md#Operational Governance|Operational Governance)","tags/governance.md#Operational%20Governance|Operational%20Governance","tags/governance.md#Operational Governance|Operational Governance","20250802-231525"
"notes/dao-primitives/implementation/guides/governance/implementation-guide-operational-governance.md","[](tags/governance.md#Multi-Stakeholder%20Governance|Multi-Stakeholder%20Governance)","[](tags/governance.md#Multi-Stakeholder Governance|Multi-Stakeholder Governance)","tags/governance.md#Multi-Stakeholder%20Governance|Multi-Stakeholder%20Governance","tags/governance.md#Multi-Stakeholder Governance|Multi-Stakeholder Governance","20250802-231525"
"notes/dao-primitives/implementation/guides/governance/implementation-guide-operational-governance.md","[](tags/groups.md#Groups%20in%20Developmental%20Phases|group%20phase%20lifecycle)","[](tags/groups.md#Groups in Developmental Phases|group phase lifecycle)","tags/groups.md#Groups%20in%20Developmental%20Phases|group%20phase%20lifecycle","tags/groups.md#Groups in Developmental Phases|group phase lifecycle","20250802-231525"
"notes/dao-primitives/implementation/guides/governance/implementation-guide-operational-governance.md","[](tags/groups.md#Groups%20at%20Different%20Scales|collaboration%20to%20coordination%20to%20constituency)","[](tags/groups.md#Groups at Different Scales|collaboration to coordination to constituency)","tags/groups.md#Groups%20at%20Different%20Scales|collaboration%20to%20coordination%20to%20constituency","tags/groups.md#Groups at Different Scales|collaboration to coordination to constituency","20250802-231525"
"notes/dao-primitives/implementation/guides/governance/implementation-guide-operational-governance.md","[](tags/governance.md#Community%20Governance|Community%20Governance)","[](tags/governance.md#Community Governance|Community Governance)","tags/governance.md#Community%20Governance|Community%20Governance","tags/governance.md#Community Governance|Community Governance","20250802-231525"
"notes/dao-primitives/implementation/guides/governance/implementation-guide-operational-governance.md","[](tags/groups.md#Groups%20at%20Different%20Scales|constituency%20scale)","[](tags/groups.md#Groups at Different Scales|constituency scale)","tags/groups.md#Groups%20at%20Different%20Scales|constituency%20scale","tags/groups.md#Groups at Different Scales|constituency scale","20250802-231525"
"notes/dao-primitives/implementation/guides/governance/implementation-guide-operational-governance.md","[](tags/governance.md#Operational%20Governance|Operational%20Governance)","[](tags/governance.md#Operational Governance|Operational Governance)","tags/governance.md#Operational%20Governance|Operational%20Governance","tags/governance.md#Operational Governance|Operational Governance","20250802-231525"
"notes/dao-primitives/implementation/guides/governance/implementation-guide-operational-governance.md","[](tags/groups.md#Groups%20at%20Different%20Scales|coordination%20and%20collaboration%20scale)","[](tags/groups.md#Groups at Different Scales|coordination and collaboration scale)","tags/groups.md#Groups%20at%20Different%20Scales|coordination%20and%20collaboration%20scale","tags/groups.md#Groups at Different Scales|coordination and collaboration scale","20250802-231525"
"notes/dao-primitives/implementation/guides/governance/implementation-guide-operational-governance.md","[](tags/governance.md#Multi-Stakeholder%20Governance|Multi-Stakeholder%20Governance)","[](tags/governance.md#Multi-Stakeholder Governance|Multi-Stakeholder Governance)","tags/governance.md#Multi-Stakeholder%20Governance|Multi-Stakeholder%20Governance","tags/governance.md#Multi-Stakeholder Governance|Multi-Stakeholder Governance","20250802-231525"
"notes/dao-primitives/implementation/guides/governance/implementation-guide-operational-governance.md","[](tags/groups.md#Groups%20at%20Different%20Scales|coordination%20and%20collaboration%20scales)","[](tags/groups.md#Groups at Different Scales|coordination and collaboration scales)","tags/groups.md#Groups%20at%20Different%20Scales|coordination%20and%20collaboration%20scales","tags/groups.md#Groups at Different Scales|coordination and collaboration scales","20250802-231525"
"notes/dao-primitives/implementation/guides/governance/implementation-guide-operational-governance.md","[](tags/groups.md#Groups%20in%20Developmental%20Phases|phases)","[](tags/groups.md#Groups in Developmental Phases|phases)","tags/groups.md#Groups%20in%20Developmental%20Phases|phases","tags/groups.md#Groups in Developmental Phases|phases","20250802-231525"
"notes/dao-primitives/implementation/guides/governance/implementation-guide-operational-governance.md","[](tags/groups.md#Groups%20in%20Developmental%20Phases|coordination%20and%20organization%20phases)","[](tags/groups.md#Groups in Developmental Phases|coordination and organization phases)","tags/groups.md#Groups%20in%20Developmental%20Phases|coordination%20and%20organization%20phases","tags/groups.md#Groups in Developmental Phases|coordination and organization phases","20250802-231525"
"notes/dao-primitives/implementation/guides/governance/implementation-guide-operational-governance.md","[](tags/groups.md#Groups%20at%20Different%20Scales|constituency%20scale)","[](tags/groups.md#Groups at Different Scales|constituency scale)","tags/groups.md#Groups%20at%20Different%20Scales|constituency%20scale","tags/groups.md#Groups at Different Scales|constituency scale","20250802-231525"
"notes/dao-primitives/implementation/guides/governance/implementation-guide-operational-governance.md","[](tags/governance.md#Community%20Governance|Community%20Governance)","[](tags/governance.md#Community Governance|Community Governance)","tags/governance.md#Community%20Governance|Community%20Governance","tags/governance.md#Community Governance|Community Governance","20250802-231525"
"notes/dao-primitives/implementation/guides/governance/implementation-guide-operational-governance.md","[](tags/groups.md#Groups%20at%20Different%20Scales|coordination%20scale)","[](tags/groups.md#Groups at Different Scales|coordination scale)","tags/groups.md#Groups%20at%20Different%20Scales|coordination%20scale","tags/groups.md#Groups at Different Scales|coordination scale","20250802-231525"
"notes/dao-primitives/implementation/guides/governance/implementation-guide-operational-governance.md","[](tags/groups.md#Groups%20at%20Different%20Scales|collaboration%20scale)","[](tags/groups.md#Groups at Different Scales|collaboration scale)","tags/groups.md#Groups%20at%20Different%20Scales|collaboration%20scale","tags/groups.md#Groups at Different Scales|collaboration scale","20250802-231525"
"notes/dao-primitives/implementation/guides/governance/implementation-guide-operational-governance.md","[](tags/governance.md#Multi-Stakeholder%20Governance|Multi-Stakeholder%20Governance)","[](tags/governance.md#Multi-Stakeholder Governance|Multi-Stakeholder Governance)","tags/governance.md#Multi-Stakeholder%20Governance|Multi-Stakeholder%20Governance","tags/governance.md#Multi-Stakeholder Governance|Multi-Stakeholder Governance","20250802-231525"
"notes/dao-primitives/implementation/guides/governance/implementation-guide-operational-governance.md","[](tags/groups.md#Groups%20in%20Developmental%20Phases|group%20phase)","[](tags/groups.md#Groups in Developmental Phases|group phase)","tags/groups.md#Groups%20in%20Developmental%20Phases|group%20phase","tags/groups.md#Groups in Developmental Phases|group phase","20250802-231525"
"notes/dao-primitives/implementation/guides/governance/implementation-guide-operational-governance.md","[](tags/groups.md#Groups%20in%20Developmental%20Phases|phase)","[](tags/groups.md#Groups in Developmental Phases|phase)","tags/groups.md#Groups%20in%20Developmental%20Phases|phase","tags/groups.md#Groups in Developmental Phases|phase","20250802-231525"
"notes/dao-primitives/implementation/guides/governance/implementation-guide-operational-governance.md","[](tags/groups.md#Groups%20in%20Developmental%20Phases|formation%20phase)","[](tags/groups.md#Groups in Developmental Phases|formation phase)","tags/groups.md#Groups%20in%20Developmental%20Phases|formation%20phase","tags/groups.md#Groups in Developmental Phases|formation phase","20250802-231525"
"notes/dao-primitives/implementation/guides/governance/implementation-guide-operational-governance.md","[](tags/groups.md#Groups%20in%20Developmental%20Phases|phase)","[](tags/groups.md#Groups in Developmental Phases|phase)","tags/groups.md#Groups%20in%20Developmental%20Phases|phase","tags/groups.md#Groups in Developmental Phases|phase","20250802-231525"
"notes/dao-primitives/implementation/guides/governance/implementation-guide-operational-governance.md","[](tags/groups.md#Groups%20in%20Developmental%20Phases|phase)","[](tags/groups.md#Groups in Developmental Phases|phase)","tags/groups.md#Groups%20in%20Developmental%20Phases|phase","tags/groups.md#Groups in Developmental Phases|phase","20250802-231525"
"notes/dao-primitives/implementation/guides/governance/implementation-guide-operational-governance.md","[](artifacts/articles/network-evolution/Building%20DAOs%20as%20scalable%20networks.md#Community%20Governance|token-based%20governance)","[](artifacts/articles/network-evolution/Building DAOs as scalable networks.md#Community Governance|token-based governance)","artifacts/articles/network-evolution/Building%20DAOs%20as%20scalable%20networks.md#Community%20Governance|token-based%20governance","artifacts/articles/network-evolution/Building DAOs as scalable networks.md#Community Governance|token-based governance","20250802-231525"
"notes/dao-primitives/implementation/guides/governance/implementation-guide-operational-governance.md","[](artifacts/articles/governance-for-better-futures/Governance%20for%20better%20futures%20-%20Meta-governance.md#quadratic%20voting|quadratic%20voting)","[](artifacts/articles/governance-for-better-futures/Governance for better futures - Meta-governance.md#quadratic voting|quadratic voting)","artifacts/articles/governance-for-better-futures/Governance%20for%20better%20futures%20-%20Meta-governance.md#quadratic%20voting|quadratic%20voting","artifacts/articles/governance-for-better-futures/Governance for better futures - Meta-governance.md#quadratic voting|quadratic voting","20250802-231525"
"notes/dao-primitives/implementation/guides/governance/implementation-guide-operational-governance.md","[](tags/groups.md#Groups%20in%20Developmental%20Phases|phase)","[](tags/groups.md#Groups in Developmental Phases|phase)","tags/groups.md#Groups%20in%20Developmental%20Phases|phase","tags/groups.md#Groups in Developmental Phases|phase","20250802-231525"
"notes/dao-primitives/implementation/guides/governance/implementation-guide-operational-governance.md","[](tags/groups.md#Groups%20in%20Developmental%20Phases|group%20phase%20framework)","[](tags/groups.md#Groups in Developmental Phases|group phase framework)","tags/groups.md#Groups%20in%20Developmental%20Phases|group%20phase%20framework","tags/groups.md#Groups in Developmental Phases|group phase framework","20250802-231525"
"notes/dao-primitives/implementation/guides/governance/implementation-guide-operational-governance.md","[](tags/groups.md#Groups%20in%20Developmental%20Phases|phase)","[](tags/groups.md#Groups in Developmental Phases|phase)","tags/groups.md#Groups%20in%20Developmental%20Phases|phase","tags/groups.md#Groups in Developmental Phases|phase","20250802-231525"
"notes/dao-primitives/implementation/guides/governance/implementation-guide-operational-governance.md","[](tags/groups.md#Groups%20at%20Different%20Scales|scales)","[](tags/groups.md#Groups at Different Scales|scales)","tags/groups.md#Groups%20at%20Different%20Scales|scales","tags/groups.md#Groups at Different Scales|scales","20250802-231525"
"notes/dao-primitives/implementation/guides/governance/implementation-guide-operational-governance.md","[](tags/groups.md#Groups%20at%20Different%20Scales|collaboration,%20coordination,%20constituency)","[](tags/groups.md#Groups at Different Scales|collaboration, coordination, constituency)","tags/groups.md#Groups%20at%20Different%20Scales|collaboration,%20coordination,%20constituency","tags/groups.md#Groups at Different Scales|collaboration, coordination, constituency","20250802-231525"
"notes/dao-primitives/implementation/guides/governance/implementation-guide-operational-governance.md","[](tags/groups.md#Groups%20at%20Different%20Scales|Constituency%20Scale)","[](tags/groups.md#Groups at Different Scales|Constituency Scale)","tags/groups.md#Groups%20at%20Different%20Scales|Constituency%20Scale","tags/groups.md#Groups at Different Scales|Constituency Scale","20250802-231525"
"notes/dao-primitives/implementation/guides/governance/implementation-guide-operational-governance.md","[](tags/groups.md#Groups%20at%20Different%20Scales|Coordination%20Scale)","[](tags/groups.md#Groups at Different Scales|Coordination Scale)","tags/groups.md#Groups%20at%20Different%20Scales|Coordination%20Scale","tags/groups.md#Groups at Different Scales|Coordination Scale","20250802-231525"
"notes/dao-primitives/implementation/guides/governance/implementation-guide-operational-governance.md","[](tags/groups.md#Groups%20at%20Different%20Scales|Collaboration%20Scale)","[](tags/groups.md#Groups at Different Scales|Collaboration Scale)","tags/groups.md#Groups%20at%20Different%20Scales|Collaboration%20Scale","tags/groups.md#Groups at Different Scales|Collaboration Scale","20250802-231525"
"notes/dao-primitives/implementation/guides/governance/implementation-guide-multi-stakeholder-governance.md","[](tags/governance.md#Community%20Governance|Community%20Governance)","[](tags/governance.md#Community Governance|Community Governance)","tags/governance.md#Community%20Governance|Community%20Governance","tags/governance.md#Community Governance|Community Governance","20250802-231525"
"notes/dao-primitives/implementation/guides/governance/implementation-guide-multi-stakeholder-governance.md","[](tags/governance.md#Operational%20Governance|Operational%20Governance)","[](tags/governance.md#Operational Governance|Operational Governance)","tags/governance.md#Operational%20Governance|Operational%20Governance","tags/governance.md#Operational Governance|Operational Governance","20250802-231525"
"notes/dao-primitives/implementation/guides/governance/implementation-guide-multi-stakeholder-governance.md","[](tags/governance.md#Multi-Stakeholder%20Governance|Multi-Stakeholder%20Governance)","[](tags/governance.md#Multi-Stakeholder Governance|Multi-Stakeholder Governance)","tags/governance.md#Multi-Stakeholder%20Governance|Multi-Stakeholder%20Governance","tags/governance.md#Multi-Stakeholder Governance|Multi-Stakeholder Governance","20250802-231525"
"notes/dao-primitives/implementation/guides/governance/implementation-guide-multi-stakeholder-governance.md","[](tags/groups.md#Groups%20in%20Developmental%20Phases|group%20phase%20lifecycle)","[](tags/groups.md#Groups in Developmental Phases|group phase lifecycle)","tags/groups.md#Groups%20in%20Developmental%20Phases|group%20phase%20lifecycle","tags/groups.md#Groups in Developmental Phases|group phase lifecycle","20250802-231525"
"notes/dao-primitives/implementation/guides/governance/implementation-guide-multi-stakeholder-governance.md","[](tags/groups.md#Groups%20at%20Different%20Scales|collaboration%20to%20coordination%20to%20constituency)","[](tags/groups.md#Groups at Different Scales|collaboration to coordination to constituency)","tags/groups.md#Groups%20at%20Different%20Scales|collaboration%20to%20coordination%20to%20constituency","tags/groups.md#Groups at Different Scales|collaboration to coordination to constituency","20250802-231525"
"notes/dao-primitives/implementation/guides/governance/implementation-guide-multi-stakeholder-governance.md","[](tags/governance.md#Community%20Governance|Community%20Governance)","[](tags/governance.md#Community Governance|Community Governance)","tags/governance.md#Community%20Governance|Community%20Governance","tags/governance.md#Community Governance|Community Governance","20250802-231525"
"notes/dao-primitives/implementation/guides/governance/implementation-guide-multi-stakeholder-governance.md","[](tags/groups.md#Groups%20at%20Different%20Scales|constituency%20scale)","[](tags/groups.md#Groups at Different Scales|constituency scale)","tags/groups.md#Groups%20at%20Different%20Scales|constituency%20scale","tags/groups.md#Groups at Different Scales|constituency scale","20250802-231525"
"notes/dao-primitives/implementation/guides/governance/implementation-guide-multi-stakeholder-governance.md","[](tags/governance.md#Operational%20Governance|Operational%20Governance)","[](tags/governance.md#Operational Governance|Operational Governance)","tags/governance.md#Operational%20Governance|Operational%20Governance","tags/governance.md#Operational Governance|Operational Governance","20250802-231525"
"notes/dao-primitives/implementation/guides/governance/implementation-guide-multi-stakeholder-governance.md","[](tags/groups.md#Groups%20at%20Different%20Scales|coordination%20and%20collaboration%20scale)","[](tags/groups.md#Groups at Different Scales|coordination and collaboration scale)","tags/groups.md#Groups%20at%20Different%20Scales|coordination%20and%20collaboration%20scale","tags/groups.md#Groups at Different Scales|coordination and collaboration scale","20250802-231525"
"notes/dao-primitives/implementation/guides/governance/implementation-guide-multi-stakeholder-governance.md","[](tags/governance.md#Multi-Stakeholder%20Governance|Multi-Stakeholder%20Governance)","[](tags/governance.md#Multi-Stakeholder Governance|Multi-Stakeholder Governance)","tags/governance.md#Multi-Stakeholder%20Governance|Multi-Stakeholder%20Governance","tags/governance.md#Multi-Stakeholder Governance|Multi-Stakeholder Governance","20250802-231525"
"notes/dao-primitives/implementation/guides/governance/implementation-guide-multi-stakeholder-governance.md","[](tags/groups.md#Groups%20in%20Developmental%20Phases|phases)","[](tags/groups.md#Groups in Developmental Phases|phases)","tags/groups.md#Groups%20in%20Developmental%20Phases|phases","tags/groups.md#Groups in Developmental Phases|phases","20250802-231525"
"notes/dao-primitives/implementation/guides/governance/implementation-guide-multi-stakeholder-governance.md","[](tags/groups.md#Groups%20in%20Developmental%20Phases|conversation%20and%20formation%20phases)","[](tags/groups.md#Groups in Developmental Phases|conversation and formation phases)","tags/groups.md#Groups%20in%20Developmental%20Phases|conversation%20and%20formation%20phases","tags/groups.md#Groups in Developmental Phases|conversation and formation phases","20250802-231525"
"notes/dao-primitives/implementation/guides/governance/implementation-guide-multi-stakeholder-governance.md","[](tags/groups.md#Groups%20in%20Developmental%20Phases|coordination%20and%20organization%20phases)","[](tags/groups.md#Groups in Developmental Phases|coordination and organization phases)","tags/groups.md#Groups%20in%20Developmental%20Phases|coordination%20and%20organization%20phases","tags/groups.md#Groups in Developmental Phases|coordination and organization phases","20250802-231525"
"notes/dao-primitives/implementation/guides/governance/implementation-guide-multi-stakeholder-governance.md","[](tags/groups.md#Groups%20in%20Developmental%20Phases|Conversation)","[](tags/groups.md#Groups in Developmental Phases|Conversation)","tags/groups.md#Groups%20in%20Developmental%20Phases|Conversation","tags/groups.md#Groups in Developmental Phases|Conversation","20250802-231525"
"notes/dao-primitives/implementation/guides/governance/implementation-guide-multi-stakeholder-governance.md","[](tags/groups.md#Groups%20in%20Developmental%20Phases|Formation)","[](tags/groups.md#Groups in Developmental Phases|Formation)","tags/groups.md#Groups%20in%20Developmental%20Phases|Formation","tags/groups.md#Groups in Developmental Phases|Formation","20250802-231525"
"notes/dao-primitives/implementation/guides/governance/implementation-guide-multi-stakeholder-governance.md","[](tags/groups.md#Groups%20in%20Developmental%20Phases|Organization)","[](tags/groups.md#Groups in Developmental Phases|Organization)","tags/groups.md#Groups%20in%20Developmental%20Phases|Organization","tags/groups.md#Groups in Developmental Phases|Organization","20250802-231525"
"notes/dao-primitives/implementation/guides/governance/implementation-guide-multi-stakeholder-governance.md","[](tags/groups.md#Groups%20in%20Developmental%20Phases|Coordination)","[](tags/groups.md#Groups in Developmental Phases|Coordination)","tags/groups.md#Groups%20in%20Developmental%20Phases|Coordination","tags/groups.md#Groups in Developmental Phases|Coordination","20250802-231525"
"notes/dao-primitives/implementation/guides/governance/implementation-guide-multi-stakeholder-governance.md","[](tags/groups.md#Groups%20at%20Different%20Scales|scales)","[](tags/groups.md#Groups at Different Scales|scales)","tags/groups.md#Groups%20at%20Different%20Scales|scales","tags/groups.md#Groups at Different Scales|scales","20250802-231525"
"notes/dao-primitives/implementation/guides/governance/implementation-guide-multi-stakeholder-governance.md","[](artifacts/articles/network-evolution/Building%20DAOs%20as%20scalable%20networks.md#Community%20Governance|token-based)","[](artifacts/articles/network-evolution/Building DAOs as scalable networks.md#Community Governance|token-based)","artifacts/articles/network-evolution/Building%20DAOs%20as%20scalable%20networks.md#Community%20Governance|token-based","artifacts/articles/network-evolution/Building DAOs as scalable networks.md#Community Governance|token-based","20250802-231525"
"notes/dao-primitives/implementation/guides/governance/implementation-guide-multi-stakeholder-governance.md","[](artifacts/articles/governance-for-better-futures/Governance%20for%20better%20futures%20-%20Meta-governance.md#quadratic%20voting|quadratic)","[](artifacts/articles/governance-for-better-futures/Governance for better futures - Meta-governance.md#quadratic voting|quadratic)","artifacts/articles/governance-for-better-futures/Governance%20for%20better%20futures%20-%20Meta-governance.md#quadratic%20voting|quadratic","artifacts/articles/governance-for-better-futures/Governance for better futures - Meta-governance.md#quadratic voting|quadratic","20250802-231525"
"notes/dao-primitives/implementation/guides/governance/implementation-guide-multi-stakeholder-governance.md","[](tags/groups.md#Groups%20in%20Developmental%20Phases|phase)","[](tags/groups.md#Groups in Developmental Phases|phase)","tags/groups.md#Groups%20in%20Developmental%20Phases|phase","tags/groups.md#Groups in Developmental Phases|phase","20250802-231525"
"notes/dao-primitives/implementation/guides/governance/implementation-guide-multi-stakeholder-governance.md","[](tags/groups.md#Groups%20in%20Developmental%20Phases|group%20phase%20framework)","[](tags/groups.md#Groups in Developmental Phases|group phase framework)","tags/groups.md#Groups%20in%20Developmental%20Phases|group%20phase%20framework","tags/groups.md#Groups in Developmental Phases|group phase framework","20250802-231525"
"notes/dao-primitives/implementation/guides/governance/implementation-guide-multi-stakeholder-governance.md","[](tags/groups.md#Groups%20in%20Developmental%20Phases|Conversation%20Phase)","[](tags/groups.md#Groups in Developmental Phases|Conversation Phase)","tags/groups.md#Groups%20in%20Developmental%20Phases|Conversation%20Phase","tags/groups.md#Groups in Developmental Phases|Conversation Phase","20250802-231525"
"notes/dao-primitives/implementation/guides/governance/implementation-guide-multi-stakeholder-governance.md","[](tags/groups.md#Groups%20in%20Developmental%20Phases|Formation%20Phase)","[](tags/groups.md#Groups in Developmental Phases|Formation Phase)","tags/groups.md#Groups%20in%20Developmental%20Phases|Formation%20Phase","tags/groups.md#Groups in Developmental Phases|Formation Phase","20250802-231525"
"notes/dao-primitives/implementation/guides/governance/implementation-guide-multi-stakeholder-governance.md","[](tags/groups.md#Groups%20in%20Developmental%20Phases|Organization%20Phase)","[](tags/groups.md#Groups in Developmental Phases|Organization Phase)","tags/groups.md#Groups%20in%20Developmental%20Phases|Organization%20Phase","tags/groups.md#Groups in Developmental Phases|Organization Phase","20250802-231525"
"notes/dao-primitives/implementation/guides/governance/implementation-guide-multi-stakeholder-governance.md","[](tags/groups.md#Groups%20in%20Developmental%20Phases|Coordination%20Phase)","[](tags/groups.md#Groups in Developmental Phases|Coordination Phase)","tags/groups.md#Groups%20in%20Developmental%20Phases|Coordination%20Phase","tags/groups.md#Groups in Developmental Phases|Coordination Phase","20250802-231525"
"notes/dao-primitives/implementation/guides/governance/implementation-guide-multi-stakeholder-governance.md","[](tags/groups.md#Groups%20in%20Developmental%20Phases|phase)","[](tags/groups.md#Groups in Developmental Phases|phase)","tags/groups.md#Groups%20in%20Developmental%20Phases|phase","tags/groups.md#Groups in Developmental Phases|phase","20250802-231525"
"notes/dao-primitives/implementation/guides/governance/implementation-guide-multi-stakeholder-governance.md","[](tags/groups.md#Groups%20at%20Different%20Scales|scales)","[](tags/groups.md#Groups at Different Scales|scales)","tags/groups.md#Groups%20at%20Different%20Scales|scales","tags/groups.md#Groups at Different Scales|scales","20250802-231525"
"notes/dao-primitives/implementation/guides/governance/implementation-guide-multi-stakeholder-governance.md","[](tags/groups.md#Groups%20at%20Different%20Scales|collaboration,%20coordination,%20constituency)","[](tags/groups.md#Groups at Different Scales|collaboration, coordination, constituency)","tags/groups.md#Groups%20at%20Different%20Scales|collaboration,%20coordination,%20constituency","tags/groups.md#Groups at Different Scales|collaboration, coordination, constituency","20250802-231525"
"notes/dao-primitives/implementation/guides/governance/implementation-guide-community-governance.md","[](tags/groups.md#Groups%20at%20Different%20Scales|constituency-scale)","[](tags/groups.md#Groups at Different Scales|constituency-scale)","tags/groups.md#Groups%20at%20Different%20Scales|constituency-scale","tags/groups.md#Groups at Different Scales|constituency-scale","20250802-231525"
"notes/dao-primitives/implementation/guides/governance/implementation-guide-community-governance.md","[](tags/governance.md#Community%20Governance|Community%20Governance)","[](tags/governance.md#Community Governance|Community Governance)","tags/governance.md#Community%20Governance|Community%20Governance","tags/governance.md#Community Governance|Community Governance","20250802-231525"
"notes/dao-primitives/implementation/guides/governance/implementation-guide-community-governance.md","[](tags/governance.md#Operational%20Governance|Operational%20Governance)","[](tags/governance.md#Operational Governance|Operational Governance)","tags/governance.md#Operational%20Governance|Operational%20Governance","tags/governance.md#Operational Governance|Operational Governance","20250802-231525"
"notes/dao-primitives/implementation/guides/governance/implementation-guide-community-governance.md","[](tags/governance.md#Multi-Stakeholder%20Governance|Multi-Stakeholder%20Governance)","[](tags/governance.md#Multi-Stakeholder Governance|Multi-Stakeholder Governance)","tags/governance.md#Multi-Stakeholder%20Governance|Multi-Stakeholder%20Governance","tags/governance.md#Multi-Stakeholder Governance|Multi-Stakeholder Governance","20250802-231525"
"notes/dao-primitives/implementation/guides/governance/implementation-guide-community-governance.md","[](tags/groups.md#Groups%20at%20Different%20Scales|layers%20of%20scale)","[](tags/groups.md#Groups at Different Scales|layers of scale)","tags/groups.md#Groups%20at%20Different%20Scales|layers%20of%20scale","tags/groups.md#Groups at Different Scales|layers of scale","20250802-231525"
"notes/dao-primitives/implementation/guides/governance/implementation-guide-community-governance.md","[](tags/groups.md#Groups%20in%20Developmental%20Phases|group%20phase%20lifecycle)","[](tags/groups.md#Groups in Developmental Phases|group phase lifecycle)","tags/groups.md#Groups%20in%20Developmental%20Phases|group%20phase%20lifecycle","tags/groups.md#Groups in Developmental Phases|group phase lifecycle","20250802-231525"
"notes/dao-primitives/implementation/guides/governance/implementation-guide-community-governance.md","[](tags/groups.md#Groups%20at%20Different%20Scales|collaboration%20to%20coordination%20to%20constituency)","[](tags/groups.md#Groups at Different Scales|collaboration to coordination to constituency)","tags/groups.md#Groups%20at%20Different%20Scales|collaboration%20to%20coordination%20to%20constituency","tags/groups.md#Groups at Different Scales|collaboration to coordination to constituency","20250802-231525"
"notes/dao-primitives/implementation/guides/governance/implementation-guide-community-governance.md","[](tags/groups.md#Groups%20in%20Developmental%20Phases|conversation%20and%20formation%20phases)","[](tags/groups.md#Groups in Developmental Phases|conversation and formation phases)","tags/groups.md#Groups%20in%20Developmental%20Phases|conversation%20and%20formation%20phases","tags/groups.md#Groups in Developmental Phases|conversation and formation phases","20250802-231525"
"notes/dao-primitives/implementation/guides/governance/implementation-guide-community-governance.md","[](artifacts/articles/network-evolution/Building%20DAOs%20as%20scalable%20networks.md#Community%20Governance|On-chain%20vs.%20off-chain)","[](artifacts/articles/network-evolution/Building DAOs as scalable networks.md#Community Governance|On-chain vs. off-chain)","artifacts/articles/network-evolution/Building%20DAOs%20as%20scalable%20networks.md#Community%20Governance|On-chain%20vs.%20off-chain","artifacts/articles/network-evolution/Building DAOs as scalable networks.md#Community Governance|On-chain vs. off-chain","20250802-231525"
"notes/dao-primitives/implementation/guides/governance/implementation-guide-community-governance.md","[](artifacts/articles/network-evolution/Building%20DAOs%20as%20scalable%20networks.md#Community%20Governance|Token-based%20governance)","[](artifacts/articles/network-evolution/Building DAOs as scalable networks.md#Community Governance|Token-based governance)","artifacts/articles/network-evolution/Building%20DAOs%20as%20scalable%20networks.md#Community%20Governance|Token-based%20governance","artifacts/articles/network-evolution/Building DAOs as scalable networks.md#Community Governance|Token-based governance","20250802-231525"
"notes/dao-primitives/implementation/guides/governance/implementation-guide-community-governance.md","[](artifacts/articles/governance-for-better-futures/Governance%20for%20better%20futures%20-%20Meta-governance.md#quadratic%20voting|quadratic%20voting)","[](artifacts/articles/governance-for-better-futures/Governance for better futures - Meta-governance.md#quadratic voting|quadratic voting)","artifacts/articles/governance-for-better-futures/Governance%20for%20better%20futures%20-%20Meta-governance.md#quadratic%20voting|quadratic%20voting","artifacts/articles/governance-for-better-futures/Governance for better futures - Meta-governance.md#quadratic voting|quadratic voting","20250802-231525"
"notes/dao-primitives/implementation/guides/governance/implementation-guide-community-governance.md","[](tags/groups.md#Groups%20in%20Developmental%20Phases|phase)","[](tags/groups.md#Groups in Developmental Phases|phase)","tags/groups.md#Groups%20in%20Developmental%20Phases|phase","tags/groups.md#Groups in Developmental Phases|phase","20250802-231525"
"notes/dao-primitives/implementation/guides/governance/implementation-guide-community-governance.md","[](artifacts/articles/network-evolution/Building%20DAOs%20as%20scalable%20networks.md#Community%20Governance|On-chain%20vs.%20off-chain%20governance)","[](artifacts/articles/network-evolution/Building DAOs as scalable networks.md#Community Governance|On-chain vs. off-chain governance)","artifacts/articles/network-evolution/Building%20DAOs%20as%20scalable%20networks.md#Community%20Governance|On-chain%20vs.%20off-chain%20governance","artifacts/articles/network-evolution/Building DAOs as scalable networks.md#Community Governance|On-chain vs. off-chain governance","20250802-231525"
"notes/dao-primitives/implementation/guides/governance/implementation-guide-community-governance.md","[](artifacts/articles/network-evolution/Building%20DAOs%20as%20scalable%20networks.md#Community%20Governance|token-based%20governance)","[](artifacts/articles/network-evolution/Building DAOs as scalable networks.md#Community Governance|token-based governance)","artifacts/articles/network-evolution/Building%20DAOs%20as%20scalable%20networks.md#Community%20Governance|token-based%20governance","artifacts/articles/network-evolution/Building DAOs as scalable networks.md#Community Governance|token-based governance","20250802-231525"
"notes/dao-primitives/implementation/guides/governance/implementation-guide-community-governance.md","[](artifacts/articles/governance-for-better-futures/Governance%20for%20better%20futures%20-%20Meta-governance.md#quadratic%20voting|quadratic%20voting)","[](artifacts/articles/governance-for-better-futures/Governance for better futures - Meta-governance.md#quadratic voting|quadratic voting)","artifacts/articles/governance-for-better-futures/Governance%20for%20better%20futures%20-%20Meta-governance.md#quadratic%20voting|quadratic%20voting","artifacts/articles/governance-for-better-futures/Governance for better futures - Meta-governance.md#quadratic voting|quadratic voting","20250802-231525"
"notes/dao-primitives/implementation/guides/governance/implementation-guide-community-governance.md","[](tags/groups.md#Groups%20in%20Developmental%20Phases|Conversation%20Phase)","[](tags/groups.md#Groups in Developmental Phases|Conversation Phase)","tags/groups.md#Groups%20in%20Developmental%20Phases|Conversation%20Phase","tags/groups.md#Groups in Developmental Phases|Conversation Phase","20250802-231525"
"notes/dao-primitives/implementation/guides/governance/implementation-guide-community-governance.md","[](tags/groups.md#Groups%20in%20Developmental%20Phases|Formation%20Phase)","[](tags/groups.md#Groups in Developmental Phases|Formation Phase)","tags/groups.md#Groups%20in%20Developmental%20Phases|Formation%20Phase","tags/groups.md#Groups in Developmental Phases|Formation Phase","20250802-231525"
"notes/dao-primitives/implementation/guides/governance/implementation-guide-community-governance.md","[](tags/groups.md#Groups%20in%20Developmental%20Phases|Organisation%20Phase)","[](tags/groups.md#Groups in Developmental Phases|Organisation Phase)","tags/groups.md#Groups%20in%20Developmental%20Phases|Organisation%20Phase","tags/groups.md#Groups in Developmental Phases|Organisation Phase","20250802-231525"
"notes/dao-primitives/implementation/guides/governance/implementation-guide-community-governance.md","[](tags/groups.md#Groups%20in%20Developmental%20Phases|Coordination%20Phase)","[](tags/groups.md#Groups in Developmental Phases|Coordination Phase)","tags/groups.md#Groups%20in%20Developmental%20Phases|Coordination%20Phase","tags/groups.md#Groups in Developmental Phases|Coordination Phase","20250802-231525"
"links/Metagov.md","[Modular Politics](links/Modular%20Politics.md)","[Modular Politics](links/Modular Politics.md)","links/Modular%20Politics.md","links/Modular Politics.md","20250802-231525"
"artifacts/studies/projects/rpp-governance-case-study.md","[Pasted image 20250410195527](attachments/Pasted%20image%2020250410195527.png)","[Pasted image 20250410195527](attachments/Pasted image 20250410195527.png)","attachments/Pasted%20image%2020250410195527.png","attachments/Pasted image 20250410195527.png","20250802-231525"
"artifacts/guides/dao-primitives-framework/group-state.md","[OpenCivics Collaborative Initiative  Specification Template](links/OpenCivics%20Collaborative%20Initiative%20%20Specification%20Template.md)","[OpenCivics Collaborative Initiative  Specification Template](links/OpenCivics Collaborative Initiative  Specification Template.md)","links/OpenCivics%20Collaborative%20Initiative%20%20Specification%20Template.md","links/OpenCivics Collaborative Initiative  Specification Template.md","20250802-231525"
"artifacts/guides/dao-primitives-framework/dao-primitives-framework.md","[Minimum Viable Permissionless-ness](artifacts/articles/network-evolution/Minimum%20Viable%20Permissionless-ness.md)","[Minimum Viable Permissionless-ness](artifacts/articles/network-evolution/Minimum Viable Permissionless-ness.md)","artifacts/articles/network-evolution/Minimum%20Viable%20Permissionless-ness.md","artifacts/articles/network-evolution/Minimum Viable Permissionless-ness.md","20250802-231525"
"artifacts/guides/dao-primitives-framework/group-scale/group-scale.md","[group-scale (2)](attachments/group-scale%20(2)","[group-scale (2)](attachments/group-scale (2)","attachments/group-scale%20(2","attachments/group-scale (2","20250802-231525"
"artifacts/guides/dao-primitives-framework/group-primitives/group-primitives.md","[DAOs (Primitive)](r[DAOs%20(Primitive)","[DAOs (Primitive)](r[DAOs (Primitive)","r[DAOs%20(Primitive","r[DAOs (Primitive","20250802-231525"
"artifacts/guides/dao-primitives-framework/group-phase/group-phase.md","[Pasted image 20250213104038](attachments/Pasted%20image%2020250213104038.png)","[Pasted image 20250213104038](attachments/Pasted image 20250213104038.png)","attachments/Pasted%20image%2020250213104038.png","attachments/Pasted image 20250213104038.png","20250802-231525"
"artifacts/guides/dao-primitives-framework/group-phase/conversation-phase.md","[minimum viable permissionless-ness](artifacts/articles/network-evolution%201/Minimum%20Viable%20Permissionless-ness.md)","[minimum viable permissionless-ness](artifacts/articles/network-evolution 1/Minimum Viable Permissionless-ness.md)","artifacts/articles/network-evolution%201/Minimum%20Viable%20Permissionless-ness.md","artifacts/articles/network-evolution 1/Minimum Viable Permissionless-ness.md","20250802-231525"
"artifacts/patterns/cell-state.md","[phase](drafts/framework%20backup/group-phase/group-phase.md)","[phase](drafts/framework backup/group-phase/group-phase.md)","drafts/framework%20backup/group-phase/group-phase.md","drafts/framework backup/group-phase/group-phase.md","20250802-231525"
"artifacts/patterns/cell.md","[DAOs - From fractal primitives to network scale.](artifacts/articles/network-evolution/DAOs%20-%20From%20fractal%20primitives%20to%20network%20scale..md)","[DAOs - From fractal primitives to network scale.](artifacts/articles/network-evolution/DAOs - From fractal primitives to network scale..md)","artifacts/articles/network-evolution/DAOs%20-%20From%20fractal%20primitives%20to%20network%20scale..md","artifacts/articles/network-evolution/DAOs - From fractal primitives to network scale..md","20250802-231525"
"artifacts/patterns/cell.md","[cell diagram](attachments/cell%20diagram.png)","[cell diagram](attachments/cell diagram.png)","attachments/cell%20diagram.png","attachments/cell diagram.png","20250802-231525"
"artifacts/patterns/cell.md","[group phases](drafts/framework%20backup/group-phase/group-phase.md)","[group phases](drafts/framework backup/group-phase/group-phase.md)","drafts/framework%20backup/group-phase/group-phase.md","drafts/framework backup/group-phase/group-phase.md","20250802-231525"
"artifacts/patterns/patterns.md","[" + default(title, default(Title, file.name)) + "]("%20+%20file.name%20+%20")","[" + default(title, default(Title, file.name)) + "](" + file.name + ")",""%20+%20file.name%20+%20"","" + file.name + "","20250802-231525"
"artifacts/articles/network-evolution/DAOs aren't things... they are flows..md","[Scale and the levers that provide DAOs their power](artifacts/articles/network-evolution/Scale%20and%20the%20levers%20that%20provide%20DAOs%20their%20power.md)","[Scale and the levers that provide DAOs their power](artifacts/articles/network-evolution/Scale and the levers that provide DAOs their power.md)","artifacts/articles/network-evolution/Scale%20and%20the%20levers%20that%20provide%20DAOs%20their%20power.md","artifacts/articles/network-evolution/Scale and the levers that provide DAOs their power.md","20250802-231525"
"artifacts/articles/network-evolution/Building DAOs as scalable networks.md","[Minimum Viable Permissionless-ness](artifacts/articles/network-evolution/Minimum%20Viable%20Permissionless-ness.md)","[Minimum Viable Permissionless-ness](artifacts/articles/network-evolution/Minimum Viable Permissionless-ness.md)","artifacts/articles/network-evolution/Minimum%20Viable%20Permissionless-ness.md","artifacts/articles/network-evolution/Minimum Viable Permissionless-ness.md","20250802-231525"
"artifacts/articles/governance-for-better-futures/governance-for-better-futures.md","[Meta-governance](artifacts/articles/governance-for-better-futures/Governance%20for%20better%20futures%20-%20Meta-governance.md)","[Meta-governance](artifacts/articles/governance-for-better-futures/Governance for better futures - Meta-governance.md)","artifacts/articles/governance-for-better-futures/Governance%20for%20better%20futures%20-%20Meta-governance.md","artifacts/articles/governance-for-better-futures/Governance for better futures - Meta-governance.md","20250802-231525"
"artifacts/articles/governance-for-better-futures/governance-for-better-futures.md","[Governance for better futures - DAO 2 DAO Co-operation](artifacts/articles/governance-for-better-futures/Governance%20for%20better%20futures%20-%20DAO%202%20DAO%20Co-operation.md)","[Governance for better futures - DAO 2 DAO Co-operation](artifacts/articles/governance-for-better-futures/Governance for better futures - DAO 2 DAO Co-operation.md)","artifacts/articles/governance-for-better-futures/Governance%20for%20better%20futures%20-%20DAO%202%20DAO%20Co-operation.md","artifacts/articles/governance-for-better-futures/Governance for better futures - DAO 2 DAO Co-operation.md","20250802-231525"
"artifacts/articles/governance-for-better-futures/governance-for-better-futures.md","[Governance for better futures - New and Old](artifacts/articles/governance-for-better-futures/Governance%20for%20better%20futures%20-%20New%20and%20Old.md)","[Governance for better futures - New and Old](artifacts/articles/governance-for-better-futures/Governance for better futures - New and Old.md)","artifacts/articles/governance-for-better-futures/Governance%20for%20better%20futures%20-%20New%20and%20Old.md","artifacts/articles/governance-for-better-futures/Governance for better futures - New and Old.md","20250802-231525"
